question,answer,tags
Imihango isanzwe igira igihe kingana gute?,"Bikunze kumara iminsi 3 kugeza kuri 7, kandi hagati y'imihango habamo iminsi 21–35. Iyo bitandukanye cyane n'ibi, ushobora kugisha inama muganga.",
Ibimenyetso byo gusama ni ibihe?,"Ibimenyetso bishobora kuba kuruka cyangwa iseseme, kunanirwa, amabere ababaza, gusinzira cyane, no gutinda k'ukwezi. Kugirango wemeze, ikizamini cya nyababyeyi (pregnancy test) kirafasha.",
Nigute nagabanya kuribwa mu mihango?,"Gerageza kunywa amazi menshi, kuruhuka, gukora imyitozo yoroshye, gushyushya mu nda (hot water bottle), no gufata imiti igabanya ububabare nko mu byemewe na muganga. Niba biremereye cyane, jya kwa muganga.",
Ni ryari nakwiye gukora ikizamini cyo gusama?,"Ni byiza kugikora nyuma y'uko imihango itinze nibura umunsi 1–7. Kora ikizamini mu gitondo cya kare, kuko hormone hCG iba hejuru mu nkari za mu gitondo.","pregnancy test,gusama"
Ni iki nakora ngo nshyigikire umwana uvutse?,"Mu minsi ya mbere, umwana akeneye konswa kenshi, isuku, urukundo n'uburinzi. Komeza gukurikirana ibiro by'umwana, imvaccination, no kugisha inama abajyanama b'ubuzima.",
Konsa kenshi bikwiriye gute?,"Mu byumweru bya mbere, konsa buri masaha 2–3 cyangwa iyo umwana agaragaje inzara. Reba ko umwana afata neza ibere kandi yumva aruhutse nyuma yo konsa.",
Ni ibihe biribwa byiza ku mugore utwite?,"Fungura indyo yuzuye: imboga n'imbuto, ibinyampeke bitunganyije, ibinyamafufu (ibishyimbo, amata, amagi, inyama zitetse neza), amazi ahagije, na fer (iron) na folic acid nk'uko byerekanwa n'abaganga.",
Ni ryari nkwiye kwitaba muganga mu gihe ntwite?,"Uvuze cyangwa ugaragaje: kubyimba bikabije, kuribwa mu nda gukomeye, amaraso ava mu gitsina, umutwe ukabije, kutabona neza, cyangwa umwana ntakombere nk'uko bisanzwe. Jya kwa muganga ako kanya.",
Igihe cy'uburumbuke gishingiye kuki?,"Akenshi kigerwaho mu minsi 12–16 mbere y'uko imihango ikurikira iza, mu gihe habaho ovulation. Kubara neza bisaba kumenya isanzwe ry'igihe cyawe.",
Nigute narera umwana neza mu mezi 6 ya mbere?,"Konsa gusa (exclusive breastfeeding) niba bishoboka, gukingiza ku gihe, isuku n'umutekano, kuryama atekanye, gukurikirana ibiro n'iterambere by'umwana kwa muganga.",
Ni iki gikwiye kwitabwaho mu gihe cy'imihango?,"Isuku (gukoresha pads cyangwa ibikoresho by'isuku byizewe), guhindura kenshi, kunywa amazi, kuruhuka, no kwirinda imiti idasobanutse n'ikangiza. Niba amaraso ari menshi cyane, jya kwa muganga.",
Ese imihango burigihe iza nyuma y iminsi 28?,"Oya, Impuzandengo ni iminsi 28, ariko bishobora kuba hagati y’iminsi 21–35. Buri mugore agira ikigero cye cyihariye kandi gishobora guhinduka bitewe n’imyaka, stress, indwara nibindi.",
"hey,Muraho,hello,amakuru,Bite,ndashaka kukubaza",Muraho neza! nitwa KosmoBot umufasha mukugufasha kumenya ubuzima bw'imyororokere n'ubwumubyeyi n'umwana.,"greetings,gusuhuza"
"Ese koga amazi akonge bituma imihango ihagarara?,Amazi akonje ahagarika imihango?",Oya. Koga amazi akonje ntibihagarika imihango.,
Ese kuki umuntu aba ajya mu mihango ariko ntabyare?,"Impamvu umuntu ashobora kujya mu mihango ariko ntabyare ni uko kujya mu mihango (menstruation) no gusama/gutwita (pregnancy) atari ibintu bihuza 100%. Hari impamvu nyinshi zishobora gutuma umuntu adasama:
·  Kudahuza neza igihe cyo gukora imibonano n’igihe intanga ngore isohokera.
·  Intanga ngabo zidashoboye kugera aho zikwiriye.
·  Imiyoboro y’intanga ngore (fallopian tubes) ifunze cyangwa ifite ikibazo.
· Indwara nka PCOS, endometriosis, cyangwa ibibazo by’imisemburo,
Stress, imirire idahagije, cyangwa ubuzima bw’umubiri butameze neza.",
"Ese umuntu ashobora gukora imyitozo ngororamubiri mugihe ari mumihango?,gukore sport uri mumihango nibyiza?,ase umuntu yakora sport ari mumihango?, ndashaka gukora sport ariko ndi mumihango nibyiza?","Yego, Birashoboka gukora  imyitozo ngororamubiri kuko ifasha kugabanya ububabare (cramps), igabanya stress, no gutuma wumva utuje. Gusa umuntu ashobora guhitamo imyitozo yoroshye nk’uguhina umubiri, kugenda n’amaguru, yoga cyangwa kwiruka buhoro.",
"Umuntu ashobora gutwita mugihe ari mu mihango?,ko ndi mumihango ubu nasama?,gutwita uri mumihango nibyo?,gusama uri mumihango nibyo?,","yego, birashoboka ko umuntu ashobora gutwita ari mu mihango mu gihe akoze imibonano mpuzabitsina idakingiye.  Biterwa n’uko intanga ngore ishobora gusohoka vuba nyuma y’imihango, kandi intanga ngabo (sperm) ishobora kumara iminsi 5 mu mubiri. Bityo, gukora imibonano mu mihango bishobora gutuma utwita niba igihe cy’uburumbucye kibaye vuba.",
"Kuki ndibwa mu nda mu gihe k’ imihango?,kuribwa mu nda ndi mumihango biterwa niki?,kuberiki munda hari kurya kandi ndi mumihango?",Impamvu nyamukuru ituma umukobwa cyangwa umugore aribwa mu nda mu gihe cy’imihango (dysmenorrhea) ni uko umubiri uba uri gukora umusemburo witwa prostaglandins. Uyu musemburo utuma imitsi ya nyababyeyi yikanyiza(Cramps) kugirango ibashe gusohora amaraso ave muri nyababyeyi. Bigatuma wumva ubu babare.,kuribwa munda
"Ni ryari umukobwa atangira kujya mu mihango?, imihango itangira ryari?","Akenshi abakobwa batangira kujya mu mihango hagati y’imyaka 11–14. Ariko bishobora gutangira kare ku myaka 9, cyangwa bigatinza bikagera no ku myaka 15–16, kandi byose biba bisanzwe mu gihe nta bundi burwayi bubiherekeje.",
ese umukobwa ajya mumihango ryari?,"Akenshi abakobwa batangira kujya mu mihango hagati y’imyaka 11–14. Ariko bishobora gutangira kare ku myaka 9, cyangwa bigatinza bikagera no ku myaka 15–16, kandi byose biba bisanzwe mu gihe nta bundi burwayi bubiherekeje.",
Ukwezi k’ umugore ni iki?,Ukwezi k’umugore gutangira ku munsi wambere wi mihango ku karangira ku munsi ubanziriza imihango yukwezi gukurikiyeho.,
What is ovulation?,"Umunsi wuburumbucye  ni kimwe mu gice cy’ukwezi k’umugore aho intanga ngore iba imaze gukura isohoka mu gahago kayo  (ovary) ikajya mu muyoboro (fallopian tube), aho ishobora guhura n’intanga ngabo.",
Umunsi w’ uburumbuke aba ari uwuhe mu kwezi ku umukobwa?,"Igihe Cy’uburumbucye  gitandukana bitewe n’uko ukwezi ku mugore kureshya.
Umunsi w’uburumbucye ukunze kuba ku munsi wa 14 mbere y’uko imihango ikurikira itangira.
·         Mu kwezi kw’iminsi 30, umunsi  wuburumbucye waba ari  umunsi wa 16.
·         Mu kwezi kw’iminsi 26, umunsi wuburumbucye waba ari uwa  12.",
Imihango isanzwe iba ingana ite?,"1.Ingano  y’imihango tuyibara tugendeye kubintu bitatu aribyo, ubwinshi bw’amaraso asohoka igihe bimara ni inshuro bibaho mu kwezi.
 a. Ubwinshi (Volume): Akenshi hasohoka hagati ya mililitiro 30–80 mu gihe cy’imihango yose. Munsi ya 30 mL biba ari bike (light), hejuru ya 80 mL bishobora kuba byinshi (heavy).
 b. Igihe (Duration): Akenshi imihango imara iminsi 3–7. Kuba igufi cyangwa igahoraho gato kurenza ibyo nabyo birashoboka kandi ntibihita biba ikibazo.",
Imihango imara iminsi ingahe ubusanzwe?,Imihango ubusanzwe imara hagati y’iminsi 3–7. Ariko ishobora kuba mike cyangwa myinshi bikaba bisanzwe ntakibazo. Urugero nku muntu utangiye kujya mu mihango bwambere ashobora kuyijyamo iminsi ibiri gusa.,
"Ni ibihe bimenyetso bya mbere byo gutwita?,ibimenyetso byo gutwika nibihe?,namenya gute ko nwite?","1. Kubura imihango
2. Isesemi
3. Kuruka
4. Kuribwa/kubyimba amaberi
5. Gushaka cyane kurya ikintu runaka cyangwa kwanga kurya ikintu runaka
6. Kunyaragura
7. Kumva unaniwe",
"Ni incuro zingahe umugore utwite asabwa kujya kwipimisha inda (ANC),Kwipimisha inda bikorwa kangahe?","WHO iteganyako umugore utwite agomba kubonana na muganga / gupimisha inda(ANC)
byibura inshuro 8 mbere yu uko abyara kugirango ubuzima bw’umubyeyi nu mwana
bugende neza.",
"Kubera iki gupimisha inda(ANC) ari ingenzi ?,Ese gupimisha inda ningombwa?","Yego,gukupimisha inda ningenzi.
Bifasha gukurikirana ubuzima bw’ümubyeyi nu mwana, bikumira ibibazo bishobora
kuvuka mugihe cyo gutwita, kubyara na nyuma yo kubyara, no gutanga inyigisho k’
ubuzima.",
"Ni ibihe biryo umugore utwite yemerewe kurya ni ibyo atemerewe kurya ?,Iyo utwite urya iki?","Umugore utwite aba agomba kurya indyo yuzuye irimo imbuto, imboga, poroteyine, n’ibinyampeke byose.
 Irinde
inzoga, inyama zidatunganyijwe neza, ikawa nyinshi, n’amata apfuye (atapimwe).",
Ni ibihe bimenyetso mpuruza umugore utwite agomba kw’itondera?,"ibimetso muruza umugore agomba kw'itondera ni:
1. Kuribwa umutwe cyane
2. Kureba ibicyezi cyezi
3. Kuvira kunda
4. Kuribwa munda cyane
5. Kugenda gacye k’ umwana mu nda.
6. Kugagara
7. Kubyimba Ibirenge, mu maso, n’ibiganza.
8. Isesemi no kuruka bikabije
9. Umuriro mwinshi no gucika intege.",
Ni iki umugore utwite yakora ngo yirinde kugira amaraso macye?,"1.Ni ukurya ibiryo bikungahaye ku butare bwa Fer (Iron) nk’inyama, ibishyimbo, imbuto
z’icyatsi kibisi, n’ibinyampeke byose.
2. Kunywa ibinini bya fer (iron supplements) byatanzwe n’umuganga.
3. Kwisuzumisha ingano ya haemoglobin iri mu maraso buri uko ugiye gupimisha inda
(ANC visits).
4. Kurya indyo irimo vitamine C: Ifasha umubiri gufata Fer neza, nk’imbuto z’icunga,
imineke, cyangwa poivron.",
"Ni izihe ngaruka za Malariya ku mugore utwite?,Ingaruka za malariya ku mugore utwite?","Ingaruka ni :
1. Kubura amaraso (anemia) ku mugore utwite.
2. Umubyeyi ashobora kurwara cyane cyangwa akitaba Imana.
3. Umwana ashobora kuvuka atarageza igihe (premature birth) cyangwa agapfira mu nda
(Still birth).
4. Umwana ashobora kuvukana ibiro bike (low birth weight).
5. Gukuramo inda (Abortion or miscarriage)",
Ese gukora imyitozo ngororamubiri ni byiza ku bagore batwite?,"Yego, gukora imyitozo yoroheje cyangwa ifite imbaraga ziciriritse birasanzwe kandi
birasabwa ku bagore batwite, kuko bifasha mu kugumana ibiro bikwiye, kwitegura
kubyara neza, no kunoza ubuzima bw’umubyeyi n’umwana. Ariko, imyitozo ikomeye
ishobora guteza ibyago byo kugwa no gukomereka. Imikino ihurirwamo nabantu benshi
igomba kwirindwa. Ni ingenzi kumva umubiri wawe, guhindura imyitozo uko inda ikura,
kandi ugakomeza gukurikiza inama ugirwa na muganga.",
Ese abagore batwite bashobora gufata imiti iyo ari yo yose?,"Oya, umugore utwite ntiyemerewe gufata imiti iyo ari yo yose. Hari imiti itemewe
ishobora guteza akaga ku buzima bw’ umwana uri mu nda, mu gihe hari n’indi miti
idafite icyo itwaye ku mugore utwite. Ni ingenzi cyane ko umugore utwite agisha inama
muganga mbere yo gufata imiti iyo ari yo yose.",
Ni ibihe bimenyetso byo kubyara?,"Ibimenyetso byo kubyara ni:
1.Kubabara mu nda cyangwa mu mugongo kenshi kandi ku buryo buhoraho (contractions).
2. Gutakaza amazi aturutse muri nyababyeyi (waters breaking).
3. Kuzana igitonyanga cy’amaraso gike mu gitsina (bloody show).
4. Kumva ushaka kujya mu bwiherero kenshi.",
Ni mu gihe kingana iki umugore akwiye kugira isuzumwa nyuma yo kubyara?,"Umugore akwiye kugira isuzumwa mu masaha 48 akurikira kubyara, hanyuma hagati y’icyumweru kimwe kugeza kuri
bibiri, no ku cyumweru cya 6 nyuma yo kubyara.",
"Ni ibihe bimenyetso mpuruza nyuma yo kubyara?,ibimenyetso bya nyuma yo kubyara?","Ni:
1. Kuva cyane
2. Umuriro mwinshi
3. Kuribwa umutwe cyane
4. Kureba ibicyezicyezi
5. Guhumeka nabi no kuribwa mu gatuza
6. Kuzana ibintu bidasanzwe mu gitsina kandi bihumura nabi.",
Umugore akwiye gutegereza igihe kingana iki mbere yo kongera gutwita?,Umugore agomba gutegereza nibura imyaka 2 kugira ngo ubuzima bw’umugore n’umwana bube bwiza.,
Ni ibihe biribwa bifasha umugore kongera imbaraga no gukira nyuma yo kubyara?,"Umugore agomba kurya:

1. Indyo yuzuye irimo Protein: nk’inyama, amafi, na amagi.
2. Imbuto n’imboga: zitanga vitamine ni imyunyu ngugu by’ingirakamaro ko buzima.
3. Ibinyampeke byose: nk’umuceri, ibigori, amasaka, nibindi.
4. Amata n’ibikomoka ku mata: bifasha kongera calcium mu mubiri.
5. Amazi menshi: gufata amazi bihoraho bifasha umubiri gusubira mu buryo.",
Ni gute umugore wabyaye abazwe (C- Section) yakwita kugisebe?,"1. Kugira isuku y’ahakomeretse kandi ukirinda gukoraho n’intoki zanduye.
2. Gukaraba intoki neza mbere yo gukora aho babaze.
3. Gukaraba umubiri wose uko bikwiye, ariko ukirinda gushyira amazi aho babaze.
4. Kwambara imyenda yoroheje kandi itwikiriye neza kugira ngo itabangamira igikomere.
5. Ni byiza kwihutira kujya kwa muganga mu gihe ugize kimwe muri ibi bimenyetso:
kuribwa munda cyane/ aho bakubaze, umuriro mwinshi, gutukura kuruhu ruzengurutse
aho babaze no kuzana amashyira mu gisebe.",
"Umugore ashobora kongera gukora imibonano mpuzabitsina mu gihe kingana iki nyuma yo
kubyara?","Umugore asabwa gutegereza nibura ibyumweru 6 nyuma yo kubyara mbere yo kongera
gukora imibonano mpuzabitsina, kugira ngo umubiri we ukire neza kandi bigabanye
ibyago byo kugira uburibwe cyangwa ibindi bibazo by’ubuzima.",
Ni ukubera iki konsa umwana ari ingenzi?,"Konsa umwana n'ingenzi kubera:

1. Bitanga intungamubiri zose umwana akeneye mu mezi ya mbere y’ubuzima.
2. Bikingira umwana indwara zitandukanye kuko mu mashereka habamo abasikari barinda
umubiri (antibodies).
3. Bituma umwana agira ubuzima bwiza.
4. Bihuza umubyeyi n’umwana binyuze mu rukundo n’urukumbuzi.
5. Bigabanya ibyago byo kurwara kanseri zimwe na zimwe ku mubyeyi no gutakaza
amaraso menshi nyuma yo kubyara.",
Ni ryari umwana agomba gutangira konka nyuma yo kuvuka?,Umwana agomba konka mwi isaha yambere nyuma yo kuvuka.,
Ni ibihe byiza byo konsa umwana amezi atandatu nta kindi kintu umuvangiye?,"Ibyiza byo konsa umwana ni:

1.Umwana abona intungamubiri zose akeneye mu mezi 6 ya mbere.
2. Konka gusa bimurinda indwara zikunda kw’ibasira impinjya n’izindi ndwara zikomeye
kuko abona ubwirinzi (antibodies).
3. Bifasha umwana gukura neza, kugira ubuzima bwiza no kugira imbaraga.
4. Bihuza umwana n’umubyeyi, bigatuma bagirana urukundo n’ibihe byiza.",
Ni ryari umwana atangira guhabwa imfashabere?,"Umwana atangira guhabwa imfashabere kuva ku mezi 6, ariko agakomeza konka kugeza
nibura ku myaka 2 cyangwa kurenza, kuko amata y’umubyeyi akomeza kumufasha
gukura no kugira ubuzima bwiza.",
Ni izihe nkingo umwana ahabwa?,"1. Akivuka umwana ahabwa inkingo za:
o BCG (ikingira igituntu)
o Polio 0
2. Ku cyumweru 6:
o Polio 1
o Pentavalent 1 (Diphtheria, Tetanus, Pertussis, Hepatitis B, Hib)
o PCV 1 (Pneumococcal vaccine)
o Rotavirus 1
3. Ku byumweru 10:
o Polio 2
o Pentavalent 2
o PCV 2
o Rotavirus 2
4. Ku byumweru 14:
o Polio 3
o Pentavalent 3
o PCV 3
5. Ku mezi 9:
o Inkingo ya Rubella/Measles 1 (Iseru na Rubeyole)
o Inkingo ya Fievre Jaune (yellow fever) mu bihugu ibonekamo.
6. Ku mezi 15:
o Measles/Rubella 2 (Iseru na Rubeyole)
Izi nkingo zifasha umwana kugira ubwirinzi bukomeye kandi zika murinda kwandura indwara
zimwe nazimwe.",
"Ni izihe ndwara zikunze kugaragara ku bana b’impinja?,Indwara kubana bakivuka?","Indwara zikunze kugaragara ni:

1. Impiswi (diarrhea)
2. Indwara z’ubuhumekero (imyanda mu bihaha, umusonga)
3. Ibicurane ni inkorora
4. Indwara z’uruhu
5. Umwana kudakura neza cyangwa kutiyongera ibiro uko bikwiye (Malnutrition)",
Ni ukubera iki ari ingenzi gukurikirana imikurire y’umwana?,"Kugenzura uko umwana akura ni ingenzi kuko bifasha kumenya niba umwana akura
neza, afite ubuzima bwiza, kandi abona intungamubiri zihagije. Bifasha kandi gutahura
hakiri kare ibibazo by’uburwayi cyangwa imirire mibi, bityo akavurwa cyangwa
hagafatwa ingamba zikwiye ku gihe. Ibi bigira uruhare mu gukumira indwara, gukomeza
ubuzima bwiza, no gufasha umwana kugera ku ntego z’iterambere rye ry’umubiri
n’ubwenge.",
Kwita ku mwana mu buryo bwa Kangaroo bisobanura iki (KMC)?,"Ni uburyo bwo kwita ku mwana wavutse akiri muto cyangwa ufite ibiro bike aho umubyeyi
(akenshi ni nyina) ashyira umwana ku mugongo we cyangwa ku gituza cye, agapfundikira neza,
kugira ngo umwana akomeze agire ubushyuhe bw’umubiri bukwiye, ahabwe ibere rya nyina,
kandi agire umutekano n’urukundo.
Ibyiza bya KMC ni:
1. Bituma umwana agumana ubushyuhe bukwiye bw’umubiri.
2. Bituma umwana arya neza kubera ko yonka ibere rya nyina kenshi.
3. Bigabanya ibyago byo kurwara no gupfa akiri muto.
4. Bituma habaho guhuzwa k’umwana n’umubyeyi (bonding).",
Ni ubuhe buryo bwo kuboneza urubyaro (Family planning)?,"Uburyo bwo kuboneza urubyaro ni:

1. Imiti yo kwirinda gusama (Contraceptive Pills): imiti umugore anywa buri munsi
cyangwa buri gihembwe.
2. Injections: urushinge ruterwa buri mezi abiri cyangwa atatu.
3. Implants: Agapira gashyirwa mu kuboko, karinda gusama imyaka myinshi.
4. Agapira gashyirwa mu mura (IUD – Intrauterine Device): gashyirwa mu mura
k’umugore, karinda gusama igihe kirekire.
5. Agakingirizo (Condom): zikoreshwa n’umugabo cyangwa umugore, zikumira gusama
ndetse n’indwara zandurira mu mibonano.
6. Kumenya iminsi ashobora gusama (Fertility Awareness Methods) : kwirinda
imibonano mu minsi umugore ashobora gusama.
7. Kwifunga burundu (Sterilization): Kubaga umugore cyangwa umugabo kugira ngo
intanga ngabo ni ntanga ngore zitazongera guhura.",
Ese kuboneza urubyaro birizewe ku mugore wonsa?,"Yego, hari uburyo bwinshi bwo kuboneza urubyaro kandi bukaba butagira ingaruka ku
mukobwa uri konsa cyangwa ku mwana.",
Kubera iki gushyira intera hagati yo kubyara ari ingenzi?,"Gushyira intera hagati y’ababa bavuka (birth spacing) Ni ingenzi kuko:
1. Bifasha umubyeyi kugarura imbaraga: Bituma umubiri w’umugore wiyubaka neza
mbere yo gutwita ubutaha.
2. Biteza imbere ubuzima bw’umwana: Abana bavuka bafite intera ihagije hagati yabo
bagira amahirwe menshi yo gukura neza no kurindwa indwara.
3. Bigabanya ibyago byo gupfa: ku babyeyi no ku bana, cyane cyane mu gihe cy’ibyorezo
n’indwara z’abana bato.
4. Bifasha umuryango guteganya neza umutungo n’ubuzima bw’abana: umuryango
ushobora guha buri mwana ibyo akeneye mu buryo buhagije.",
Ni iyihe myizerere itariyo ku bijyanye no kuboneza urubyaro (Family Planning)?,"Imyizerere itariyo ni:

1. Kuboneza urubyaro ntibuhungabanya urukundo cyangwa ubushake mu mibonano.
2. Ntibigira ingaruka mbi ku buzima igihe bikoreshejwe neza.
3. Ntibigabanya amahirwe yo kubyara mu gihe wifuza kongera kubyara.
4. Si iby’abagore gusa; n’abagabo bagira uruhare.
5. Buri gihe hari uburyo bwemewe n’amadini kandi butekanye ku buzima.",
Ni izihe ngaruka zo gukoresha uburyo bwo kuboneza urubyaro?,"Ni:

1. Impinduka ku mezi y’imihango: Ashobora kuzana imihango idasanzwe, kubura
imihango, cyangwa kuvamo amaraso atari menshi.
2. Kuribwa umutwe : Bamwe bashobora kugira uburibwe bw’umutwe
3. Kongera ibiro cyangwa kugabanya ibiro: Impinduka ku mubiri zishobora kugaragara
ku gipimo gito.
4. Kubabara mu nda cyangwa mu gatuza: Hari igihe bamwe bashobora kubabara mu nda
cyangwa mu gatuza.
5. Kumva umunaniro cyangwa ihindagurika ry’amarangamutima: bamwe bashobora
kumva umunaniro cyangwa guhindagurika kw’amarangamutima.
Izi ngaruka akenshi ziba by’igihe gito kandi zikagenda zishira mu gihe umubiri umaze
kumenyera uburyo bwo kuboneza urubyaro. Niba bikomeje cyangwa bikomeye, ni byiza kugisha
inama y’umuganga.",
Ni ryari umugore yatangira kuboneza urubyaro nyuma yo kubyara?,Akimara kubyara,
Ni ryari umuntu ashobora gusama nyuma yo guhagarika uburyo bwo kuboneza urubyaro?,"1. Abenshi bashobora gusubira gusama ako kanya cyangwa mu mezi make nyuma yo
guhagarika imiti cyangwa uburyo bwo kuboneza urubyaro.
2. Impinduka zishingiye ku buryo bwo kuboneza urubyaro:
o Contraceptive pills, injections, implants, IUDs, condoms: ubushobozi bwo
gusama bushobora kugaruka ako kanya cyangwa mu gihe cy’ukwezi kumwe
cyangwa abiri.
o Kwifunga burundu (sterilization): ntibishoboka kongera gusama.
Ibi byose bikunze gutandukana bitewe n’umubiri w’umuntu, imyaka, n’uburyo bwo kuboneza
urubyaro bwakoreshejwe.",
Ese abagabo bashobora gukoresha uburyo bwo kuboneza urubyaro?,"Yego, abagabo nabo bashobora gukoresha uburyo bwo kuboneza urubyaro.
Uburyo abagabo bashobora gukoresha:

1. Condom (agakingirizo): Dukumira gusama no kurinda indwara zandurira mu mibonano
mpuzabitsina.
2. Kwifungisha burundu (Male sterilization / vasectomy)
Ibi bifasha abagabo kugira uruhare mu guteganya umuryango no kurinda ubuzima
bw’umuryango.",
"Imihango ni iki?,Ase imihango isobanura iki?,nikihe gisobanuro k'imihango?","Urakoze kubw'ikibazo kiza ubajije, Imihango ni ugusohoka hanze kw’amaraso aturutse muri nyababyeyi agasohokera mu gitsina
cy’umukobwa/umugore. Imihango bivuga ko nta sama ryabayeho, bityo aho urusoro rwari
kuzakurira hagatangira komoka no kuva amaraso. Imihango imara hagati y'iminsi 3-7 muri
rusange. Iyo minsi ishobora kugabanuka cyangwa ikarenga ku bagore cyangwa abakobwa
bamwe na bamwe.",
imihango niki?,"Urakoze kubw'ikibazo kiza ubajije, Imihango ni ugusohoka hanze kw’amaraso aturutse muri nyababyeyi agasohokera mu gitsina cy’umukobwa/umugore. Imihango bivuga ko nta sama ryabayeho, bityo aho urusoro rwari kuzakurira hagatangira komoka no kuva amaraso. Imihango imara hagati y'iminsi 3-7 muri rusange. Iyo minsi ishobora kugabanuka cyangwa ikarenga ku bagore cyangwa abakobwa bamwe na bamwe.",
"Kuki abakobwa n’abagore bajya mu mihango?,ase kuberiki abakobwa bajya mumihango?,kuberiki abagore bajya mumihango?,kuki abagore bajya mumihango?,kuberiki jya mumihango?,Abakobwa bajya mumihango kuberiki?","Urakoze kubw'ikibazo kiza ubajije, Impamvu abakobwa n’abagore bajya mu mihango ni uko umubiri uba witegura gutwita. Iyo nta
sama ryabayeho aho urusoro rwari kuzakurira hatangira komoka no kuva amaraso umugore
cyangwa umukobwa bakajya mu mihango.",
"ase kuki abagore bajya mumihango?,kuki umukobwa ajya mumihango?","Urakoze kubw'ikibazo kiza ubajije, Impamvu abakobwa n’abagore bajya mu mihango ni uko umubiri uba witegura gutwita. Iyo nta sama ryabayeho aho urusoro rwari kuzakurira hatangira komoka no kuva amaraso umugore cyangwa umukobwa bakajya mu mihango.",
ase kuki abagore n'abakobwa bajya mumihango?,"Urakoze kubw'ikibazo kiza ubajije, Impamvu abakobwa n’abagore bajya mu mihango ni uko umubiri uba witegura gutwita. Iyo nta sama ryabayeho aho urusoro rwari kuzakurira hatangira komoka no kuva amaraso umugore cyangwa umukobwa bakajya mu mihango.",
kuki umugore ajya mumihango?,"Urakoze kubw'ikibazo kiza ubajije, Impamvu abakobwa n’abagore bajya mu mihango ni uko umubiri uba witegura gutwita. Iyo nta sama ryabayeho aho urusoro rwari kuzakurira hatangira komoka no kuva amaraso umugore cyangwa umukobwa bakajya mu mihango.",
kujya mumihango kwabakobwa bisobanuye iki?,"Urakoze kubw'ikibazo kiza ubajije, Impamvu abakobwa n’abagore bajya mu mihango ni uko umubiri uba witegura gutwita. Iyo nta sama ryabayeho aho urusoro rwari kuzakurira hatangira komoka no kuva amaraso umugore cyangwa umukobwa bakajya mu mihango.",
"Ni iyihe myaka umukobwa atangira kujya mu mihango bwa mbere?, ase imihango itangira kumyaka ingahe?,imihango itangira kumyaka ingahe?,Bwambere imihango iba ryari?","Urakoze kubw'ikibazo kiza ubajije, Kujya mu mihango bwa mbere Inshuro nyinshi biba hagati y’imyaka 9 na 16. Ariko iyi myaka
ishobora guhinduka bitewe ni mpamvu nyinshi zitandukanye harimo uruhererekane
rw’amasano(genetics), imirire (nutrition), ni ibindi. Ni byiza kujya Kureba umuganga igihe cyose
urengeje imyaka 16 utarajya mu mihango.",
ase imihango itangira ryari?,"Urakoze kubw'ikibazo kiza ubajije, Kujya mu mihango bwa mbere Inshuro nyinshi biba hagati y’imyaka 9 na 16. Ariko iyi myaka ishobora guhinduka bitewe ni mpamvu nyinshi zitandukanye harimo uruhererekane rw’amasano(genetics), imirire (nutrition), ni ibindi. Ni byiza kujya Kureba umuganga igihe cyose urengeje imyaka 16 utarajya mu mihango.",
"Imihango imara iminsi ingahe?,imihango imara igihe kingana gute?","Urakoze kubw'ikibazo kiza ubajije, Mubisanzwe imihango imara hagati yi iminsi 3 - 7 muri rusange. Ariko iyo minsi ishobora
kugabanuka cyangwa ikarenga kubagore bamwe nabamwe.",
"Umunsi wuburumbuke (Ovulation) ni iki?,uburumbuke niki?","Nibyiza kukibazo kiza ubajije,      
Umunsi w’uburumbuke (Ovulation) ni umunsi wirekurwa ry’intanga ngore ivuye mu dusabo

tw’intanga (Ovaries) ikajya mu miyobora ntanga (Fallopian tube) aho iba itegereje intanga
ngabo.",
"Ese imihango ishobora kutagenda neza mu ntangiriro?,imihango ishobora kutagenda neza?","Nibyiza kukibazo kiza ubajije., Yego rwose, ku bakobwa bagitangira kujya mu mihango bwa mbere nko mu myaka 2 yambere imihango ishobora kutagenda neza.",
"Ni iki gituma imihango ihagarara cyangwa se umukobwa cyangwa umugore abura imihango (missed period)?,kuberiki umukobwa abura imihango,kuberiki imihango ihagarara?","Kubura imihango ku mugore cyangwa umukobwa biterwa nibintu byinshi harimo, gutwita,
stress, konsa, indwara, no guhindagurika.",
"Ese stress ishobora guhungabanya imihango?,stress  ishobora gutuma imihango igenda nabi?,","Nibyiza kukibazo kiza ubajije.,  Yego. Stress zishobora guhungabanya imihango kuko zitera guhindagurika kw’imisemburo. Ibi
bishobora gutuma imihango iza uko bitari bisanzwe.",
"Ni iyihe myitwarire myiza yo kubungabunga isuku mu gihe cy’imihango?,igihe kimihango wakwita kw'isuku gute?,","Ni ngombwa gukoresha ibikoresho by’isuku bibereye imihango kandi bisukuye,
kubihindura kenshi, gukaraba intoki mbere yo kubihindura no nyuma yo kubihindura, no
kubungabunga umwanda wo mu gitsina usukuye kandi ukomeye.",
"Ni kangahe ngomba guhindura pad (Umwambaro w’isuku ukoreshwa mu gihe
cy’imihango) cyangwa igikombe cy’imihango (menstrual cup)?,Niryari nahindura pad?,Guhindura pad bikorwa ryari?,nshobora guhindura pad ryari?,kangahe nahindura pad nambaye?","Nibyiza kukibazo kiza ubajije., Ni byiza guhindura ibikoreshyo by’isuku ku gihe bitewe ni ubwoko bwigikoresho ukoresha
1. Pad ikoreshwa rimwe (Disposable pad) cyangwa ikoreshwa kenshi (reusable pad)
ihindurwa buri masaha 4 – 6.
2. Igikombe cy’imihango (Menstrual cup) cyangwa Ipamba (Tampon) ihindurwa buri
masaha 6–12 bitewe n’ingano y’umuvuduko w’amaraso.",
"Kangahe nahindura pad nambaye?,niryari nahindura pad?","Nibyiza kukibazo kiza ubajije., Ni byiza guhindura ibikoreshyo by’isuku ku gihe bitewe ni ubwoko bwigikoresho ukoresha

Pad ikoreshwa rimwe (Disposable pad) cyangwa ikoreshwa kenshi (reusable pad) ihindurwa buri masaha 4 – 6.
Igikombe cy’imihango (Menstrual cup) cyangwa Ipamba (Tampon) ihindurwa buri masaha 6–12 bitewe n’ingano y’umuvuduko w’amaraso.",
ase guhindura pad bikorwa ryari?,"Nibyiza kukibazo kiza ubajije., Ni byiza guhindura ibikoreshyo by’isuku ku gihe bitewe ni ubwoko bwigikoresho ukoresha

Pad ikoreshwa rimwe (Disposable pad) cyangwa ikoreshwa kenshi (reusable pad) ihindurwa buri masaha 4 – 6. Igikombe cy’imihango (Menstrual cup) cyangwa Ipamba (Tampon) ihindurwa buri masaha 6–12 bitewe n’ingano y’umuvuduko w’amaraso.",
pad ihindurwa ryari?,"Nibyiza kukibazo kiza ubajije., Ni byiza guhindura ibikoreshyo by’isuku ku gihe bitewe ni ubwoko bwigikoresho ukoresha

Pad ikoreshwa rimwe (Disposable pad) cyangwa ikoreshwa kenshi (reusable pad) ihindurwa buri masaha 4 – 6. Igikombe cy’imihango (Menstrual cup) cyangwa Ipamba (Tampon) ihindurwa buri masaha 6–12 bitewe n’ingano y’umuvuduko w’amaraso.",
"Nigute nakwita kw’ isuku yu mwambaro w’isuku ukoreshwa kenshi (reusable
pad)?,Nasukura reusable pad gute?,nigute nasukura pad imeswa?,ndashaka gusukura pad yanjye,mbigenze gute?","Kwita kwisuku yu mwambaro w’isuku ukoreshwa kenshi (reusable pad) ni ingenzi kuko
bifasha kumva umerewe neza no kwigirira ikizere mugihe uri mu mihango bikanarinda no
kwandura indwara ziterwa n’isuku nke (Urogenital or urinary tract infections). Uburyo
bwiza bwo gusukura uwo mwambaro w’isuku ni ubu:
1. Banza uyishyire mu mazi akonje byibura nk’iminota 30
2. Zimese ukoresheje amazi meza ni isabune
3. Zunyuguze neza kugeza igihe amazi avamo asa neza
4. Wanike ku zuba
5. Imaze kuma neza, urayibika ahantu heza kandi hasukuye.",
"Nigute nakitwara igihe ntafite umwambaro w’isuku wo gukoresha mu gihe
cy’imihango?,nakora iki mugihe nta pad pfite?,","Nibyiza kukibazo kiza ubajije.., Mu gihe udafite umwambaro w’isuku wo gukoresha mugihe cy’imihango ushobora gukoresha
igitambaro gisa neza kandi cyumutse nk’igisubizo cy’igihe gito kuko ntago cyizewe.",
ase igihe ntafite pad nakora iki?,"Nibyiza kukibazo kiza ubajije.., Mu gihe udafite umwambaro w’isuku wo gukoresha mugihe cy’imihango ushobora gukoresha igitambaro gisa neza kandi cyumutse nk’igisubizo cy’igihe gito kuko ntago cyizewe.",
"Nigute najugunya umwambaro wisuku (Pads) nakoreshe mu gihe cy’imihango?,pad maze gukoresha nayishyira hehe?,","Nibyiza kukibazo kiza ubajieje..,  igihe umajije gukoresha umwambaro wisuku , Zinga neza umwambaro w’isuku wakoresheje, uwushyire ahagenewe gushyira imyanda ubundi
ufunge neza. Ntago byemewe gushyira umwambaro w’isuku wakoresheje mu musarane.",
iyo majije gukoresha pad nayishyira hehe?,"Nibyiza kukibazo kiza ubajieje.., igihe umajije gukoresha umwambaro wisuku , Zinga neza umwambaro w’isuku wakoresheje, uwushyire ahagenewe gushyira imyanda ubundi ufunge neza. Ntago byemewe gushyira umwambaro w’isuku wakoresheje mu musarane.",
"Ese ni byiza Gukaraba umubiri wose mu gihe cy’imihango?,gukaraba umubiri wose nibyiza mugihe k'imihango ?,ase gukaraba umubiri wose bifasha iki mugihe kimihango?,","Yego ni byiza Gukaraba umubiri wose mugihe uri mu mihango kubo bifasha kunoza isuku
no kugabanya uburibwe. Ni byiza gukoresha amazi meza ni isabune itabangamira uruhu.",
"Ni izihe ngaruka zo kutabungabunga isuku neza mu gihe cy’imihango?,ingaruka zo kutita kwisuku mugihe kimihango?,haba iki mugihe ntasuku pfite mugihe kimihango?,isuku nke mugihe kimihango yatera iki?,Ingaruka zo kutangira isuku nizihe?,Indwara zo kutita kwisuku nizihe?,isuke nke itera iki?","Nibyiza kukibazo kiza ubajije.., Zimwe mu ngaruka zo kutabungabunga isuku mu gihe cy’imihango harimo indwara ziterwa
nu mwanda nka imyanda zo munzira zinkari (Urinary Tract Infection), kwangirika k’uruhu
ni imyanda mu myanya myibarukiro (Reproductive tract infections).",
nizihe ngaruka zo kutita kwishyuku mugihe kimihango?,"Nibyiza kukibazo kiza ubajije.., Zimwe mu ngaruka zo kutabungabunga isuku mu gihe cy’imihango harimo indwara ziterwa nu mwanda nka imyanda zo munzira zinkari (Urinary Tract Infection), kwangirika k’uruhu ni imyanda mu myanya myibarukiro (Reproductive tract infections).",
ingaruka zo kutangira isuku mugihe kimihango?,"Nibyiza kukibazo kiza ubajije.., Zimwe mu ngaruka zo kutabungabunga isuku mu gihe cy’imihango harimo indwara ziterwa nu mwanda nka imyanda zo munzira zinkari (Urinary Tract Infection), kwangirika k’uruhu ni imyanda mu myanya myibarukiro (Reproductive tract infections).",
Nafite umwambaro wisuku nakoresha iki?,"Nibyiza kukibazo kiza ubajije.., Mu gihe udafite umwambaro w’isuku wo gukoresha mugihe cy’imihango ushobora gukoresha igitambaro gisa neza kandi cyumutse nk’igisubizo cy’igihe gito kuko ntago cyizewe.",
najugunya pads gute?,"Nibyiza kukibazo kiza ubajieje.., igihe umajije gukoresha umwambaro wisuku , Zinga neza umwambaro w’isuku wakoresheje, uwushyire ahagenewe gushyira imyanda ubundi ufunge neza. Ntago byemewe gushyira umwambaro w’isuku wakoresheje mu musarane.",
nakaraba mugihe kimihango?,Yego ni byiza Gukaraba umubiri wose mugihe uri mu mihango kubo bifasha kunoza isuku no kugabanya uburibwe. Ni byiza gukoresha amazi meza ni isabune itabangamira uruhu.,
kutangira isuku byatera iki?,"Nibyiza kukibazo kiza ubajije.., Zimwe mu ngaruka zo kutabungabunga isuku mu gihe cy’imihango harimo indwara ziterwa nu mwanda nka imyanda zo munzira zinkari (Urinary Tract Infection), kwangirika k’uruhu ni imyanda mu myanya myibarukiro (Reproductive tract infections).",
mumihango udafite isuku haba iki?,"Nibyiza kukibazo kiza ubajije.., Zimwe mu ngaruka zo kutabungabunga isuku mu gihe cy’imihango harimo indwara ziterwa nu mwanda nka imyanda zo munzira zinkari (Urinary Tract Infection), kwangirika k’uruhu ni imyanda mu myanya myibarukiro (Reproductive tract infections).",
isuku nye itera iki?,"Nibyiza kukibazo kiza ubajije.., Zimwe mu ngaruka zo kutabungabunga isuku mu gihe cy’imihango harimo indwara ziterwa nu mwanda nka imyanda zo munzira zinkari (Urinary Tract Infection), kwangirika k’uruhu ni imyanda mu myanya myibarukiro (Reproductive tract infections)",
"Nigute nabungabunga ubuzima no kwirinda infections mu gihe cy’imihango?,nigute nakwirinda indwara mugihe kimihango?,kwirinda infections mugihe kimihango?.kwirinda indwara mugihe kimihango?","Ni byiza kubungabunga isuku mu gihe uri mu mihango. Hindura umwambaro w’isuku (Pad)
uko bigomba, karaba intoki neza mbere na nyuma yo guhindura umwambaro w’isuku
wakoresheje, ambara umwambaro w’imbere (Underwear). Ita kwisuku y’imyanya
myibarukiro neza, ukoresheje amazi meza.",
gute nakwirinda infections mugihe kimihango?,"Ni byiza kubungabunga isuku mu gihe uri mu mihango. Hindura umwambaro w’isuku (Pad) uko bigomba, karaba intoki neza mbere na nyuma yo guhindura umwambaro w’isuku wakoresheje, ambara umwambaro w’imbere (Underwear). Ita kwisuku y’imyanya myibarukiro neza, ukoresheje amazi meza.",
"Ese gukoresha umwambaro w’isuku ukoreshwa kenshi (reusable pads) birizewe?,gukoresha umwambaro umeswa birizewe?,nibyiza gukoresha reusable pad?,nibyiza gukoresha umwambaro wisuku(pads),gukoresha umwambaro wisuku(pads) birizewe?,umwambaro wisuku urizewe?","Byiza kukibazo kiza ubajije.., Yego, Gukoresha umwambaro w’isuku ukoreshwa kenshi birizewe. Ariko nibyiza kuzi sukura ukoresheje mazi meza, ni isabune, kandi zikumishwa neza ku zuba. Ikindi nuko zitangiza ibidukikije (Eco-friendly) kandi zirahendutse.",
gukoresha igitambaro kisuku(reusable pads) birizewe?,"Byiza kukibazo kiza ubajije.., Yego, Gukoresha umwambaro w’isuku ukoreshwa kenshi birizewe. Ariko nibyiza kuzi sukura ukoresheje mazi meza, ni isabune, kandi zikumishwa neza ku zuba. Ikindi nuko zitangiza ibidukikije (Eco-friendly) kandi zirahendutse.",
"Ni iki gitera Kubabara munda mugihe cy’imihango (Abdominal cramps) kandi
nabugabanya nte?,ndi kubabara munda nakora iki?","Kuribwa munda cyangwa Kubabara munda mugihe cy’imihango ku mugore cyangwa
umukobwa bashobora guterwa ni bintu byinshi ariko akenshi biterwa nu uko umubiri uba
uri gukora umusemburo witwa prostaglandins. Uyu musemburo utuma imintsi ya
nyababyeyi (Uterus) yikanyiza (muscle contractions) kugirango ushobora gusohora
amaraso avuye muri nyababyeyi.",
stress yahungabanya imihango?,"Nibyiza kukibazo kiza ubajije., Yego. Stress zishobora guhungabanya imihango kuko zitera guhindagurika kw’imisemburo. Ibi bishobora gutuma imihango iza uko bitari bisanzwe.",
stress ishobora gutuma imihango itagenda neza?,"Nibyiza kukibazo kiza ubajije., Yego. Stress zishobora guhungabanya imihango kuko zitera guhindagurika kw’imisemburo. Ibi bishobora gutuma imihango iza uko bitari bisanzwe.",
"ase ko ndi kuribwa munda cyane nkore iki?,ndi kuribwa munda nakora iki?,nkore iki ko ndi kubabara munda?,pfite ububabare bwinshi?,ngabanye kuribwa munda gute?","Ndabyumva uri kubababara kandi ihangene cyane, Hari uburyo bwinshi umugore cyangwa umukobwa yakoresha kugirango agabanye
uburibwe mu gihe ari mu mihango harimo gushyira ubushyuhe ku nda (heat therapy),
imyitozo ngororamubiri yoroheje, kuruhuka bihagije, Kunywa amazi menshi, no gukoresha
imiti igabanya ububabare.",
ko ndi kuribwa munda nkore iki?,"Ihangane kubwo uri kubabara munda, Hari uburyo bwinshi umugore cyangwa umukobwa yakoresha kugirango agabanye
uburibwe mu gihe ari mu mihango harimo gushyira ubushyuhe ku nda (heat therapy),
imyitozo ngororamubiri yoroheje, kuruhuka bihagije, Kunywa amazi menshi, no gukoresha
imiti igabanya ububabare.",
"Ibimenyetso bibanziriza imihango(Premenstrual Syndrome) ni iki?,gute namenya ko ngiye kujya mumihango?,ase ko ndi kubabara munda ubwo ndi mumihango?,niki cyakubwira ko ugiye kujya mumihango?,ibimenyetso by'imihango,niki kikubwira ko ugiye kujya mumihango?,","Ibimenyetso bibanziriza imihango ni uruhurirane rw’ibimenyetso by’umubiri
n’amarangamutima bibaho mbere y’imihango.
Birimo:
1. Mood swings (guhindagurika kw’amarangamutima)
2. Kubyimba amabere
3. Kuremera mu nda
4. Umunaniro
5. Kurakara cyangwa kwiheba
6. Kuribwa munda
7. Impiswi(diarrhoea)/impatwe (constipation)",
"namenya gute ko ngiye kujya mumihango?,ase ko ndi kuribwa munda ubwo ndi mumihango?","Ibimenyetso bibanziriza imihango ni uruhurirane rw’ibimenyetso by’umubiri n’amarangamutima bibaho mbere y’imihango. Birimo:

1.Mood swings (guhindagurika kw’amarangamutima)
2.Kubyimba amabere
3.Kuremera mu nda
4.Umunaniro
5.Kurakara cyangwa kwiheba
6.Kuribwa munda
7.Impiswi(diarrhoea)/impatwe (constipation)",
ibimenyetso by'imihango nibihe?,"Ibimenyetso bibanziriza imihango ni uruhurirane rw’ibimenyetso by’umubiri n’amarangamutima bibaho mbere y’imihango. Birimo:

1.Mood swings (guhindagurika kw’amarangamutima)
2.Kubyimba amabere
3.Kuremera mu nda
4.Umunaniro
5.Kurakara cyangwa kwiheba
6.Kuribwa munda
7.Impiswi(diarrhoea)/impatwe (constipation)",
ase namenya gute ko ngiye kujya mumihango?,"Ibimenyetso bibanziriza imihango ni uruhurirane rw’ibimenyetso by’umubiri n’amarangamutima bibaho mbere y’imihango. Birimo:

1.Mood swings (guhindagurika kw’amarangamutima) 2.Kubyimba amabere 3.Kuremera mu nda 4.Umunaniro 5.Kurakara cyangwa kwiheba 6.Kuribwa munda 7.Impiswi(diarrhoea)/impatwe (constipation)",
ase niki gishobora kubwira ko ngiye kujya mumihango?,"Ibimenyetso bibanziriza imihango ni uruhurirane rw’ibimenyetso by’umubiri n’amarangamutima bibaho mbere y’imihango. Birimo:

1.Mood swings (guhindagurika kw’amarangamutima) 2.Kubyimba amabere 3.Kuremera mu nda 4.Umunaniro 5.Kurakara cyangwa kwiheba 6.Kuribwa munda 7.Impiswi(diarrhoea)/impatwe (constipation)",
"Ni ryari nkwiye kujya kwa muganga ku bibazo by’imihango?,ase kujya mumihango nibibi?,ko ndi mumihango jye kwamuganga?,ase kugira ibibazo mugihe kimihango nibintu bisanzwe?,","Ubusanzwe kujya mu mihango nibintu bisanzwe ariko hari ubwo ushobora kugira ibibazo
bishobora gutuma wajya kwa muganga. Bimwe mu bibazo bashobora gutuma ujya kwa
muganga mugihe uri mu mihango ni ibi bikurikira:
1. Ububabare bukabije
2. Imihango ihoraho cyangwa idasanzwe ishobora kumara iminsi irenze irindwi.
3. Itunguranye igahagarara nta mpamvu.",
ibibazo mugihe kimihango nibihe?,"Ubusanzwe kujya mu mihango nibintu bisanzwe ariko hari ubwo ushobora kugira ibibazo bishobora gutuma wajya kwa muganga. Bimwe mu bibazo bashobora gutuma ujya kwa muganga mugihe uri mu mihango ni ibi bikurikira:

1.Ububabare bukabije
2.Imihango ihoraho cyangwa idasanzwe ishobora kumara iminsi irenze irindwi.
3.Itunguranye igahagarara nta mpamvu.",
ase nibihe bibazo nshobora guhura nabyo mugihe kimihango?,"Ubusanzwe kujya mu mihango nibintu bisanzwe ariko hari ubwo ushobora kugira ibibazo bishobora gutuma wajya kwa muganga. Bimwe mu bibazo bashobora gutuma ujya kwa muganga mugihe uri mu mihango ni ibi bikurikira:

1.Ububabare bukabije 2.Imihango ihoraho cyangwa idasanzwe ishobora kumara iminsi irenze irindwi. 3.Itunguranye igahagarara nta mpamvu.",
nkwiye kujya kwamuganga ryari mugihe kimihango?,"urakoze kukibazo kiza ubajieje.., Ubusanzwe kujya mu mihango nibintu bisanzwe ariko hari ubwo ushobora kugira ibibazo bishobora gutuma wajya kwa muganga. Bimwe mu bibazo bashobora gutuma ujya kwa muganga mugihe uri mu mihango ni ibi bikurikira:

1.Ububabare bukabije 2.Imihango ihoraho cyangwa idasanzwe ishobora kumara iminsi irenze irindwi. 3.Itunguranye igahagarara nta mpamvu.",
"Kuki rimwe na rimwe imihango ibura (missed period)?,kuki habaho kubura kwimihango?,ase nshobora kubura imihango?,","Nibyiza kukibazo kiza ubajije.., Kubura imihango (missing period) biterwa nibintu byinshi bitandukanye. Ibintu bishobora
gutera kubura kw’imihango ni ibi bikurikira:
1. Stress nyinshi
2. Guhinduka kw’ibiro cyane (kunanuka cyangwa kubyibuha)
3. Indwara zimwe na zimwe
4. Gutwita
5. Ihungabana ry’imisemburo",
"Imihango ibabaza (Dysmenorrhea) ni iki?,igisobanuro k'imihango ibabaza?,","Nibyiza kukibazo kiza.., Imihango ibabaza ni ijambo risobanura imihango ibabaza. bishobora kuba ari imihango ibabaza gusa ntakindi
byaturutseho (Primary dysmenorrhea): Hakaba ni imihango ibabaza ariko byatewe nubundi
burwayi runaka nka Endometriosis (Secondary Dysmenorrhea).",
imihango ibabaza niki?,"Nibyiza kukibazo kiza.., Imihango ibabaza ni ijambo risobanura imihango ibabaza. bishobora kuba ari imihango ibabaza gusa ntakindi byaturutseho (Primary dysmenorrhea): Hakaba ni imihango ibabaza ariko byatewe nubundi burwayi runaka nka Endometriosis (Secondary Dysmenorrhea).",
"Ni iki gituma amaraso y’imihango aba menshi cyane cyangwa make cyane?,kuberiki amaraso yimihango aba menshi?,niki gitera kuza kw'imihango myinshi?,niki gitera imihango myinshi?,","Guhinduka kw’amaraso y’imihango biterwa ni mpamvu nyinshi zikurikira:
1. Guhinduka kw’imisemburo
2. Stress
3. Imirire
4. Imiti yo kuboneza urubyaro
5. Indwara zimwe na zimwe
Iyo habaye guhindagurika kwa maraso y’imihango bimaze igihe kirekire ni byiza kujya
kwa muganga.",
"Ni iki gitera kuva hagati mu muhango?,ase ko ndi kuva nakora iki?,kuva biterwa niki?,ndi kuva nkore iki?,ase iyo umuntu ari kuva yakora iki?","nibyiza kukibazo kiza ubajije.., Kuva hagati mu mihango bishobora guterwa nibintu byinshi bitandukanye:
1. Ihindagurika ry’imisemburo
2. Imiti yo kuboneza urubyaro
3. Stress
4. Infections
5. Indwara zimwe nazimwe nk’ibibyimba muri nyababyeyi n’ibindi.",
"Mbese uburyo bwo kuboneza urubyaro bushobora kugira ingaruka ku mihango?,kuboneza urubyaro bigira ingaruka kumihango?,kuboneza urubyaro bigira ingaruka?,ingaruka zo kuboneza urubyaro?","nibyiza kukibazo kiza ubajije.., Yego, uburyo bwo kuboneza urubyaro bushobora kugira ingaruka ku mihango muri ubu
buryo:

1. Bushobobora gutuma umuntu abura imihango
2. Bushobora gutera kuva bidasanzwe mugihe cy’imihango.
3. Bushobora gutera guhindagurika kw’imisemburo.",
"Ni ibihe bimenyetso by’imihango idasanzwe (abnormal menstruation)?,Ni ibihe bimenyetso by’imihango idasanzwe? ,imihango idasanzwe iterwa niki?,","Nibyiza kukibazo kiza ubajije.., Ibimenyetso by’imihango idasanzwe ni ibi bikurikira:

1. Kuva amaraso menshi cyane mu gihe cy’imihango
2. Ububabare bukabije
3. Imihango ihindagurika
4. Kuyibura udatwite
5. Spotting hagati y’imihango
Mugihe ugira bimwe muri ibi bimenyetso ni byiza kujya kwa muganga.",
"Ese ni ukuri ko abakobwa batagomba gukora imyitozo ngororamubiri mu gihe
cy’imihango?,ase ntago nshobora gukora sport ndi mumihango?,ntago byemewe gukora sport ndi mumihango?","byiza kukibazo kiza.., Oya, si ukuri. Abakobwa bashobora gukora imyitozo ngororamubiri igihe bari mu mihango.
Kuko imyitozo ngororamubiri ifasha:
1. Kugabanya ububabare
2. Guhindura amarangamutima neza
3. Kongera imbaraga n’umurava.
4. Kumva umeze neza mugihe uri mu mihango",
Ntago byemewe gukora sport umuntu ari mumihango?,"byiza kukibazo kiza.., Oya, si ukuri. Abakobwa bashobora gukora imyitozo ngororamubiri igihe bari mu mihango. Kuko imyitozo ngororamubiri ifasha:

1.Kugabanya ububabare
2.Guhindura amarangamutima neza
3.Kongera imbaraga n’umurava.
4.Kumva umeze neza mugihe uri mu mihango",
"Ese ntibyemewe guteka cyangwa gukora ku biribwa mu gihe cy’imihango?,sinateka ndi mumihango?,guteka ndi mumihango sibyo?,birabujijwe guteka uri mumihango?,nibibi guteka uri mumihango?","nibyiza kukibazo kiza ubajije.., Oya ibi sibyo. Imihango ntituma umuntu aba yanduye cyangwa atabasha gukora ku biribwa. Nta
mpamvu n’imwe y’ubuvuzi ibibuza kuko imihango ni ikintu gisanzwe.",
"Ese umuntu ashobora gutwita aramutse akoze imibonano mpuzabitsina idakingiye
ari mu mihango?,gukora sexy ndi mumihango natwita?,nasama nkoze sexy ndi mumihango?,nkoze imibonano mpuzabitsina ndi mumihango nasama?,nasama nkoze imibonano mpuzabitsina ndi mumihango?,nakoze imibonano mpuzabitsina kandi ndi mumihango ubu nasama?, gusama uri mumihango birashoboka?,gutwita uri mumihango birashoboka?,watwita uri mumihango?,ase birashoboka gutwita uri mumihango?","nibyiza kukibazo ubajije..,, Birashoboka ko umuntu ashobora gutwita aramutse akoze imibonano mpuzabitsina
idakingiye ari mu mihango kuko intanga ngabo ishobora ku mara iminsi igeze kuri 5
itarapfa igitegereje intanga ngore. Niba umunsi w’uburumbucye ubaye vuba gutwita
birashoboka.",
ase birashoboka gutwita uri mumihango?,"nibyiza kukibazo ubajije..,, Birashoboka ko umuntu ashobora gutwita aramutse akoze imibonano mpuzabitsina idakingiye ari mu mihango kuko intanga ngabo ishobora ku mara iminsi igeze kuri 5 itarapfa igitegereje intanga ngore. Niba umunsi w’uburumbucye ubaye vuba gutwita birashoboka.",
ase kuki ndi kuva?,"nibyiza kukibazo kiza ubajije.., Kuva hagati mu mihango bishobora guterwa nibintu byinshi bitandukanye:

1.Ihindagurika ry’imisemburo
2.Imiti yo kuboneza urubyaro
3.Stress
4.Infections
5.Indwara zimwe nazimwe nk’ibibyimba muri nyababyeyi n’ibindi.",
"Ese amaraso y’imihango ni “mabi”?,amaraso yimihango nimabi?,","nibyiza kukibazo kiza ubajije.., Oya. Amaraso y’imihango ni uruvange rw’amaraso, nuturemangingo dutukura tw’imbere
muri nyababyeyi (uterus). Ni igikorwa gisanzwe kandi cyiza cy’umubiri ntago amaraso
y’imihango ari mabi.",
"Ese imihango y’abakobwa bari hamwe ishobora guhura?, Ese imihango ishobora
kwandura?,imihango ishobora guhuza?,imihango ishobora kwandura?,imihango ishobora guhura?,imihango ishobora kwandura","nibyiza kukibazo kiza ubajije.., Hari ubushakashatsi buke bubyerekana, ariko nta kimenyetso gihamye cyemeza ko
imihango ihuza igihe cyangwa se yandura ku bantu baba hamwe.",
"Ese kurya ibiryo bimwe na bimwe bishobora guhagarika imihango?,ibiryo bishobora guhagarika imihango?,ndiye imihango yahagarara?,ase ibiryo bihagarika imihango?,kurya bihagarika imihango?","Nibyiza kukibazo kiza ubajije.., Oya, Nta biryo bishobora guhagarika imihango burundu. Icyakora, kurya iryo iboneye
bifasha umuzunguruko (Menstrual cycle) kugenda neza.",
"Ese biragayitse kuvuga ku mihango?,nibibi kuvuga kumihango?,imihango kuyivugaho nibibi?,kuvuga kumihango nibibi?","nibyiza kukibazo ubajije.., Oya. Kuvuga ku mihango ntago bigayitse ahubwo kuvuga ku mihango ni ingenzi cyane kuko
Bituma:
1. Ubumenyi bwiyongera
2. Ubuzima bw’imyororokere buba bwiza
3. Bituma akato kagabanuka
4. Abakobwa n’abagore bisanzura",
ase kuvuga kumihango nibibi?,"nibyiza kukibazo ubajije.., Oya. Kuvuga ku mihango ntago bigayitse ahubwo kuvuga ku mihango ni ingenzi cyane kuko Bituma:

1.Ubumenyi bwiyongera
2.Ubuzima bw’imyororokere buba bwiza
3.Bituma akato kagabanuka
4.Abakobwa n’abagore bisanzura",
"Ese kujya mu mihango bivuze ko umukobwa yiteguye gukora imibonano
mpuzabitsina cyangwa gushyingirwa?,ase kujya mumihango byereka ko ugiye gushyingirwa?,kujya mumihango bivuze ko nashakwa?,kujya mumihango byemeza ko umukobwa agomba gukora imibonano mpuzabitsina cyangwa gushyigirwa?","Nibyiza kukibazo kiza ubajije.., Oya. Kujya mu mihango ntibivuzeko umukobwa yiteguye gukora imibonano
mpuzabitsina cyangwa gushyingirwa, ahubwo imihango igaragaza ko umukobwa
avuye mu bwana akaba agiye mu bwangavu.",
"Ese umuntu ashobora koga muri piscine cyangwa koga mu mazi mu gihe
cy’imihango?,nakoga mu mazi kandi ndi mumihango?,nakoga muri piscine ndi mumihango?,najya mumazi ndi mumihango?,ase najya mumazi kandi ndi mumihango?","Nibyiza kukibazo kiza ubajije.., Yego, kubantu bakoresha tampon, menstrual cup, cyangwa reusable pad idatambutsa
amazi, umuntu ashobora koga nta kibazo.",
"Kuki numva mfite agahinda cyangwa guhindagurika kw’amarangamutima mu gihe
cy’imihango?,ko numva pfite agahinda mu gihe kimihango?,guhindagurika kw'amarangamutima mu gihe cy'imihango biterwa niki?,ko pfite agahinda?,ko ndimo guhindagurika cyane?,ndi guhindagurika cyane?,guhindagurika biterwa niki?,agahinda mugihe kimihango gaterwa niki?","nibyiza kukibazo kiza ubajije.., Agahinda cyangwa guhindagurika kwa amaragamutima mugihe cy’imihango biterwa n’uko
imisemburo ihinduka mbere no mu gihe cy’imihango. Iyi mpinduka ishobora kugira
ingaruka ku:
1. Amarangamutima
2. Imbaraga z’umubiri
3. Uburyo umubiri wakira stress

Ibi ni ibintu bisanzwe kandi bibaho ku bakobwa benshi.",
agahinda mugihe kimihango gaterwa niki?,"nibyiza kukibazo kiza ubajije.., Agahinda cyangwa guhindagurika kwa amaragamutima mugihe cy’imihango biterwa n’uko
imisemburo ihinduka mbere no mu gihe cy’imihango. Iyi mpinduka ishobora kugira
ingaruka ku:
1. Amarangamutima
2. Imbaraga z’umubiri
3. Uburyo umubiri wakira stress

Ibi ni ibintu bisanzwe kandi bibaho ku bakobwa benshi.",
"Nakora iki kugira ngo mpangane n’impinduka z’amarangamutima mbere no mu
gihe cy’imihango?,nakora iki ngo mpangane niminduka mugihe kimihango?,nahangana gute niminduka mugihe kimihango?,gute nahangana ningaruka mugihe kimihango?,nahangana ningaruka zimihango gute?,","Nibyiza kukibazo kiza ubajije.., Muguhangana ni impinduka z’amarangamutima ziba mbere cyangwa mugihe cy’imihango
ushobora gukoresha ubu buryo:
1. Kuruhuka bihagije
2. Gukora imyitozo ngororamubiri
3. Kuvugana n’umuntu wizewe
4. Kurya indyo iboneye
5. Gukora ibijyanye no gutuza (relaxation techniques)
6. Gukurikiranira hafi uburyo amarangamutima ahinduka (mood tracking)",
"Nigute nafasha inshuti yanjye yatangiye imihango bwa mbere?,gute nakwita kumuntu ugiye mumihango bwambere?,ugiye mumihango bwambere namufasha iki?,","Ni byiza gufasha inshuti yawe igiye mu mihango mbwa mbere kuko bashobora kugira
ingaruka ku marangamutima ye ni uko yiyumva. Bimwe mubyo wafasha inshuti yawe ni ibi
bikurikira:
1. Kumufasha kwiyumva neza no kumuhumuriza
2. Kumufasha kubona ibikoresho by’imihango
3. Kumusubiza ibibazo yibaza ku mihango mu bwitonzi
4. Kubaha ubuzima bwe bwite
5. Kumushishikariza kutagirira isoni imihango",
"Ishuri rishobora gufasha abakobwa bari mu mihango gute?,amashuri yafasha abakobwa bari mu mihango gute?,ase nuruhe ruhare rw'amashuri mugufasha abakobwa mugihe kimihango?","Nibyiza ko nk’ishuri rifasha abakobwa bari mu mihango kuko hari byinshi baba bacyeneye
kugirango bashobore kwiga neza. Bumwe mubufasha ishuri rishobora guha abakobwa ni
ubu bukurikira:
1. Gushyira pads ahabugenewe
2. Gutegura ahantu hihariye ho kwisukurira mu ibanga
3. Kugira ubwiherero busukuye n’amazi
4. Abarimu bashyigikira abanyeshuri
5. Gutanga ubumenyi ku buzima bw’imyororokere n’isuku y’imihango",
"Nigute wavuga ku mihango n’abahungu n’abagabo?,ase kubwira abahungu ibyerekeye imihango nibibi?,kubwira umuhungu ko ndi mumihango nibyiza?,hari ikibazo nganiriye numuhungu ku mihango?","Nibyiza kukibazo kiza ubajije.., Kuganira ku mihango kubagabo n’abahungu ni byiza cyane. Ariko biba byiza iyo bitanzwe
neza nko:
1. Gukoresha amagambo yoroshye kandi yubahitse
2. Gusobanura ko imihango ari ibisanzwe
3. Kubashishikariza gushyigikira abagore cyangwa abakobwa bari mu mihango aho
kubaseka no kubaha akato.",
"Ababyeyi bakora iki kugira ngo bafashe abakobwa babo?,niki ababyeyi bakora ngo bafashe abakobwa babo?,ababyeyi bakora iki kubakobwa babo mugihe kimihango?,umubyeyi asabwa iki kubijyanye nimihango?","Ni byiza ko ababyeyi babahafi abana babo, bakabafasha muri ubu buryo bukurikira:
1. Babaha Amakuru nyayo kandi atuma umuntu yumva yiyizeye
2. Gufungura umuryango w’ibiganiro
3. Kubafasha kubona ibikoresho by’isuku
4. Kubuza ko umukobwa agira isoni cyangwa akavunika kubera imihango
5. Kumufasha gukurikirana imizigo y’imihango (cycle tracking)",
